Wavelength (microns),Flux,Flux Error
15.164552900794053,784.3571133083767,7.048452252043241
15.167012881767695,792.0432874891493,7.405775686736115
15.169472862741335,790.3593088785807,7.557354076565421
15.171932843714977,790.3744557698568,7.738707425241182
15.174392824688619,790.0337168375651,7.335418501916272
15.17685280566226,792.6937934027778,7.373095499023254
15.1793127866359,791.516367594401,7.2296208519664855
15.181772767609543,792.7244127061632,7.191572476995705
15.184232748583185,793.823476155599,7.6152552828383655
15.186692729556826,795.3612738715278,7.779505566786049
15.189152710530466,797.1752454969618,7.791090995632918
15.191612691504108,793.2249840630425,7.1637521812340434
15.19407267247775,796.7971750895182,7.074807228755904
15.196532653451392,797.1670345730251,7.10215510741875
15.198992634425034,797.1861436631945,7.1062933964360795
15.201452615398674,803.6442040337456,7.588287430504548
15.203912596372316,804.7569495307075,7.615269063510228
15.206372577345958,798.9438747829861,7.323515304356946
15.2088325583196,801.5368041992188,6.940668064841114
15.21129253929324,802.3470408121744,6.616748675777841
15.213752520266882,800.8390316433376,6.7342171538644955
15.216212501240523,797.8855421278212,6.986684165408438
15.218672482214165,801.7118004692925,7.485868009029505
15.221132463187805,803.4479709201389,7.1724483862405055
15.223592444161447,805.5012461344401,6.884554549278323
15.226052425135089,806.1289723714193,6.506591701845594
15.228512406108731,805.0448913574219,6.435434822750957
15.230972387082371,810.8257022433811,7.054113115949134
15.233432368056013,808.5580834282769,7.544790102510188
15.235892349029655,813.2986687554253,7.76250994129353
15.238352330003297,808.8321482340494,7.064874230196169
15.240812310976938,813.0263824462891,6.739148373252944
15.243272291950579,817.3635474310981,6.683309873989734
15.24573227292422,819.1541120741102,6.961782191249049
15.248192253897862,817.7618764241537,7.8999342279218645
15.250652234871504,820.560304429796,8.032062477082668
15.253112215845144,820.9778645833334,7.654345596756786
15.255572196818786,817.9608018663195,7.101442937635254
15.258032177792428,821.1019236246744,6.7861974303653705
15.26049215876607,821.9922197129991,7.050796438631381
15.26295213973971,823.1356896294487,7.5450736815809245
15.265412120713352,821.2791849772135,8.1539004446447
15.267872101686994,823.7381015353733,8.017317332739989
15.270332082660635,823.1898057725695,7.496952330802397
15.272792063634277,821.7326304117838,6.959212176805734
15.275252044607917,821.0444675021702,6.9197224652942335
15.27771202558156,822.8840823703342,7.31396110434157
15.280172006555201,827.6549394395616,7.771291525099645
15.282631987528843,820.7845069037544,7.830472560938125
15.285091968502483,825.6128336588541,7.241309124497656
15.287551949476125,829.5679117838541,6.678272059373485
15.290011930449767,829.5681491427952,6.5669305448187
15.292471911423409,827.6464640299479,6.9796551243021465
15.294931892397049,834.2933993869358,8.122799178588224
15.29739187337069,834.0620337592231,9.329873232479448
15.299851854344332,832.1108957926432,8.994539289148609
15.302311835317974,830.6069878472222,8.433071372505916
15.304771816291614,837.3760664198134,8.207624608530852
15.307231797265256,839.8940734863281,8.459225907861796
15.309691778238898,834.2279001871744,8.883975863619446
15.31215175921254,834.3485260009766,9.329734419360076
15.314611740186182,840.1552259657118,9.260109996708637
15.317071721159822,833.9023810492622,8.70013019367016
15.319531702133464,835.875512017144,8.477084372493215
15.321991683107106,839.067626953125,8.577908627173969
15.324451664080748,841.0504269070095,8.162498160671907
15.326911645054388,834.441151936849,7.827691662395796
15.32937162602803,829.7759738498264,7.900175957321776
15.331831607001671,830.25122918023,7.530645592469994
15.334291587975313,835.1656341552734,7.327688682688296
15.336751568948953,836.4848700629341,7.366278779013799
15.339211549922595,837.8705495198568,7.576993288192118
15.341671530896237,841.2058156331381,7.884509764687987
15.344131511869879,836.664538913303,7.910294707253451
15.346591492843519,841.8025512695312,7.823143805915399
15.34905147381716,842.4671376546224,7.196081203662703
15.351511454790803,843.0588938395182,7.2142249019461495
15.353971435764445,840.660878499349,7.349647866955597
15.356431416738086,843.6508195665148,7.4274751772258085
15.358891397711727,846.4217580159506,7.449720181535232
15.361351378685368,841.0740136040581,7.3572029333774775
15.36381135965901,848.7671203613281,7.376675140299206
15.366271340632652,848.2968004014757,6.939444686826588
15.368731321606292,852.0607130262587,7.243586766298985
15.371191302579934,850.4913923475477,7.6197270098693695
15.373651283553576,848.1064147949219,7.67305702173885
15.376111264527218,857.9293738471138,7.7210661116879775
15.378571245500858,859.2254384358724,7.528307588210559
15.3810312264745,855.8838178846571,7.460350928414175
15.383491207448142,855.19873046875,7.204926308753571
15.385951188421783,855.6581675211588,7.609547877002411
15.388411169395425,857.7789984809028,7.966253145880483
15.390871150369065,856.2727695041233,7.7812279246228435
15.393331131342707,858.8580457899305,7.63502551350849
15.39579111231635,859.9071553548177,7.556160424364669
15.398251093289991,857.7093607584635,7.805506965690947
15.400711074263631,859.1934000651041,7.549199021297177
15.403171055237273,862.1736891004774,8.02692075402312
15.405631036210915,859.9275783962673,8.210785536410754
15.408091017184557,855.8627607557509,7.836895116038681
15.410550998158197,860.0289255777994,7.63632270976613
15.413010979131839,864.0974443223741,7.589134366534944
15.41547096010548,862.0374315049913,7.897136096271475
15.417930941079122,861.5305379231771,7.896070000322024
15.420390922052762,865.2540300157335,8.05136337838051
15.422850903026404,867.6275685628256,8.040673540892698
15.425310884000046,865.7716233995226,7.550168348502954
15.427770864973688,869.1519792344835,7.645413616213015
15.43023084594733,865.982662624783,7.601041402684257
15.43269082692097,866.6059349907769,7.889358258568848
15.435150807894612,864.5119815402561,7.576674533943191
15.437610788868254,867.1769019232856,7.673120611615254
15.440070769841896,868.5037604437935,7.451303289414252
15.442530750815536,869.7229546440972,7.194963034577903
15.444990731789177,872.536134507921,7.560036901174832
15.44745071276282,871.6126658121744,7.790759368035881
15.449910693736461,869.9883304172092,8.142381517561404
15.452370674710101,873.2695770263672,7.729168030572802
15.454830655683743,875.9781341552734,7.5953172275947916
15.457290636657385,875.4870656331381,7.386374840264574
15.459750617631027,875.145511203342,7.35996956495393
15.462210598604669,880.3908487955729,7.903446800279053
15.464670579578309,879.3995649549696,8.133327176820098
15.46713056055195,881.4786410861545,8.460082661162685
15.469590541525593,878.9598999023438,8.006152307684108
15.472050522499234,880.4516025119358,7.619377220714082
15.474510503472874,880.5730777316624,7.426908119240893
15.476970484446516,883.6857537163628,7.636425265823727
15.479430465420158,890.2104966905382,8.34134553084972
15.4818904463938,885.5838673909506,8.435831916446388
15.48435042736744,891.623023139106,8.747501950764676
15.486810408341082,888.6223534478081,8.191369775663425
15.489270389314724,887.1427171495226,7.606046201690306
15.491730370288366,894.0279490152994,7.483154898681511
15.494190351262006,894.3062710232205,7.789266495587597
15.496650332235648,892.4841105143229,8.508938893406413
15.49911031320929,895.7220831976997,8.779187318692555
15.501570294182931,897.0441640218099,8.704894738003995
15.504030275156573,897.6915011935764,7.9559160657856784
15.506490256130213,893.913820054796,7.406362640280459
15.508950237103855,898.4035186767578,7.422597586001013
15.511410218077497,900.6817966037327,7.7758523336998735
15.513870199051139,901.8149125840929,8.489053608056324
15.516330180024779,907.6630706787109,8.633861203367697
15.518790160998421,907.4165717230903,8.484024013200688
15.521250141972063,914.0407257080078,7.896473804254803
15.523710122945705,913.1564195421007,7.417365546689056
15.526170103919345,920.6473524305555,7.388042385246398
15.528630084892987,932.5460001627604,7.704367636991429
15.531090065866628,943.6644117567274,8.480544182135755
15.53355004684027,971.4950018988716,8.911086704191248
15.53601002781391,1019.7309163411459,9.666459978928327
15.538470008787552,1103.2793714735244,9.515282780412427
15.540929989761194,1229.5536532931858,9.740445982685817
15.543389970734836,1391.0430230034722,10.816911422864855
15.545849951708478,1616.2881300184463,12.389469824902184
15.548309932682118,1984.1903550889756,15.474717212682375
15.55076991365576,2490.1784939236113,19.791092322445337
15.553229894629402,2630.7674153645835,21.754959297768394
15.555689875603044,2130.68552992079,16.99837652620524
15.558149856576684,1623.018995496962,12.72559608036113
15.560609837550325,1298.6801452636719,10.399264105562548
15.563069818523967,1129.4074198404949,9.331864270208552
15.56552979949761,1038.4402618408203,9.291014432060985
15.56798978047125,989.8130340576172,9.236576133744688
15.570449761444891,964.497812906901,9.301168724109775
15.572909742418533,950.68579949273,8.974936867962775
15.575369723392175,948.6882510715061,8.504008065459441
15.577829704365817,942.4652608235677,8.224303108071744
15.580289685339457,934.6612006293403,8.189281350141592
15.582749666313099,934.1663564046224,8.397440913680521
15.58520964728674,936.1094970703125,8.714160307378895
15.587669628260382,928.7082112630209,8.804842300010396
15.590129609234022,926.112525092231,8.85053632549658
15.592589590207664,928.0569203694662,8.653982277847557
15.595049571181306,921.2098609076606,8.331013734887248
15.597509552154948,925.2188330756294,8.302892008969383
15.599969533128588,926.260730319553,8.250543143855745
15.60242951410223,924.0048183865017,8.23646536269492
15.604889495075872,922.5427500406901,8.20658323038268
15.607349476049514,924.1038377549913,8.758812096364169
15.609809457023154,922.0921698676216,8.817536328603653
15.612269437996796,923.5079362657335,8.435612665901711
15.614729418970438,926.7008683946398,8.217923664183756
15.61718939994408,928.4687906901041,8.084477073294845
15.619649380917721,927.4619767930773,8.017467875601103
15.622109361891361,926.0525750054253,8.010814775752308
15.624569342865003,926.618638780382,8.524944436544725
15.627029323838645,934.0089772542318,8.985641940683747
15.629489304812287,937.5405324300131,8.917228736040238
15.631949285785927,931.7730543348524,8.513541763053018
15.634409266759569,933.5375535753038,8.262825209997207
15.63686924773321,934.4193047417534,8.159947686935396
15.639329228706853,938.0481736924913,8.157093382252105
15.641789209680493,939.6228213840061,8.659730067331385
15.644249190654135,939.0469970703125,9.097000981177775
15.646709171627776,937.4430185953776,9.382123462582621
15.649169152601418,935.2972039116753,9.2349432051303
15.651629133575058,937.8451961941189,8.69731057403452
15.6540891145487,940.5823550754124,8.56843931131956
15.656549095522342,940.4111328125,8.29186352167599
15.659009076495984,935.8658989800347,8.52258686387277
15.661469057469626,935.9092576768663,8.825640913438427
15.663929038443266,936.1918131510416,9.487768213924184
15.666389019416908,942.3886769612631,9.758905999106469
15.66884900039055,942.7539621988932,9.271834043822812
15.671308981364191,944.0290103488499,9.011592455577606
15.673768962337832,946.1649797227648,8.454030001946752
15.676228943311473,946.8209228515625,8.495560638114517
15.678688924285115,944.4541066487631,8.419306175926671
15.681148905258757,945.7951965332031,9.102031187923313
15.683608886232397,946.4290957980686,9.583480356832249
15.686068867206039,945.3053249782986,9.44177496331244
15.688528848179681,947.8168657090929,9.445994835863734
15.690988829153323,949.1971503363716,8.918660379966806
15.693448810126965,946.6519944932726,8.678218189714366
15.695908791100605,946.2236395941841,8.447312440715418
15.698368772074247,943.6218465169271,8.784794735002416
15.700828753047888,948.18041144477,9.131129810975757
15.70328873402153,945.1579538981119,9.313991111469926
15.70574871499517,943.7526194254557,9.440990951060364
15.708208695968812,945.4142015245226,9.036567540696897
15.710668676942454,948.0577850341797,8.952653057707343
15.713128657916096,948.2681884765625,8.42081654763843
15.715588638889736,949.9225107828776,8.435172545901088
15.718048619863378,951.7296396891276,8.650952561379167
15.72050860083702,953.9864383273655,9.106595414356947
15.722968581810662,952.0353495279948,9.394170738455054
15.725428562784302,947.6659664577908,9.097237238833275
15.727888543757944,953.3710411919487,9.17954428734986
15.730348524731586,953.723622639974,8.753592610008287
15.732808505705227,954.168957180447,8.527664371337528
15.73526848667887,958.074210272895,8.370582081392664
15.73772846765251,960.8071679009331,8.715961437226753
15.740188448626151,959.2213270399305,9.249408359120167
15.742648429599793,962.3222707112631,9.459846277370055
15.745108410573435,966.6797824435764,9.667159350904836
15.747568391547075,967.3653411865234,8.99863157822214
15.750028372520717,961.4652947319878,9.014993008438777
15.752488353494359,961.8251393636068,8.49644045362506
15.754948334468,966.4805213080513,8.65815750954043
15.75740831544164,967.164542304145,9.05554623383604
15.759868296415283,961.1246744791666,9.25530173443318
15.762328277388924,965.2566986083984,9.980256944914883
15.764788258362566,967.9486355251736,9.518614905780975
15.767248239336208,968.9757639567057,9.588207377447736
15.769708220309848,966.0785675048828,8.908556670539262
15.77216820128349,970.0389675564236,8.891020588251669
15.774628182257132,970.9002244737413,8.704278112479336
15.777088163230774,972.7207285563151,8.898235628500819
15.779548144204414,974.6443871392144,9.739181087108914
15.782008125178056,970.3739640977648,9.553763812210967
15.784468106151698,975.1375291612413,9.799632269921693
15.78692808712534,969.7383575439453,8.991443947981745
15.78938806809898,972.7838846842448,9.031663042315271
15.791848049072621,974.8021613226997,8.945919399349606
15.794308030046263,975.8378245035807,9.081105836041987
15.796768011019905,977.6858588324653,9.192021032317284
15.799227991993545,981.1507500542534,9.428480799454544
15.801687972967187,980.378407796224,9.991037425703853
15.804147953940829,981.9483218722874,9.579064989621243
15.80660793491447,980.3577626546224,9.464380470956854
15.809067915888113,980.7695617675781,8.867062076137891
15.811527896861753,986.0592956542969,8.947319802905712
15.813987877835395,981.665293375651,9.008764096549067
15.816447858809036,976.9019063313802,9.21921820970655
15.818907839782678,982.5410766601562,9.934802956219741
15.821367820756318,986.7577311197916,9.48023797784106
15.82382780172996,987.497328016493,9.683115699308862
15.826287782703602,983.4696621365017,8.967261884095246
15.828747763677244,990.2953084309896,8.818520306679734
15.831207744650884,993.7295362684462,8.654812058501847
15.833667725624526,988.4727206759983,8.845996512164426
15.836127706598168,993.7871636284722,9.571953945595663
15.83858768757181,999.4396430121528,9.869706254446518
15.84104766854545,996.2760654025608,10.369145917931338
15.843507649519092,990.844472249349,9.84547722913109
15.845967630492733,996.1550089518229,9.64496244957636
15.848427611466375,995.6608174641927,8.734785320118256
15.850887592440017,995.5025295681423,8.509027424415677
15.853347573413657,992.4239620632595,8.822274639488688
15.8558075543873,994.3032938639323,9.299876834315851
15.858267535360941,998.5278523763021,10.147922692996104
15.860727516334583,996.6236877441406,9.828914976658723
15.863187497308223,994.4520331488716,9.908990078028236
15.865647478281865,1003.3674926757812,9.662497011233167
15.868107459255507,1005.8948974609375,9.463380691789958
15.870567440229149,1005.7422654893663,8.878128450133575
15.873027421202789,1007.0630815294054,8.775650263783797
15.87548740217643,1004.5002610948351,9.16667028660593
15.877947383150072,1003.3093956841362,9.469525693074305
15.880407364123714,1001.1721886528862,10.023120904663754
15.882867345097356,999.8595021565756,9.488602279359288
15.885327326070996,997.8223707411024,9.61216928278569
15.887787307044638,1001.1592237684462,9.184974092873215
15.89024728801828,999.4826117621528,8.999698541733832
15.892707268991922,1003.9089813232422,9.06573191930996
15.895167249965562,1007.7010158962673,9.210037505927694
15.897627230939204,1000.7016262478298,9.493084649420263
15.900087211912846,998.8164876302084,9.37722320222038
15.902547192886487,1000.9799058702257,9.863030299903684
15.905007173860128,1004.8695254855686,9.483271066153486
15.90746715483377,1010.2643229166666,9.622758033961778
15.909927135807411,1007.6759101019966,9.478077044584401
15.912387116781053,1006.9171142578125,9.406467660360628
15.914847097754693,1011.9071655273438,9.685119705714808
15.917307078728335,1006.5513644748264,9.480454097093151
15.919767059701977,1008.1048363579644,10.11668278573419
15.922227040675619,1006.780775282118,9.581134880899835
15.92468702164926,1009.0558420817057,9.76782806354731
15.9271470026229,1009.8938361273872,9.589961575814327
15.929606983596543,1011.3295118543837,9.781845350634416
15.932066964570184,1020.8834092881945,10.053049261466505
15.934526945543826,1018.233876546224,9.782277802790913
15.936986926517466,1011.4977145724827,10.336969467292354
15.939446907491108,1011.7266947428385,10.480341462286415
15.94190688846475,1015.6142103407118,10.441463447513907
15.944366869438392,1015.8088582356771,10.081642039640526
15.946826850412032,1012.5784505208334,10.09027154551093
15.949286831385674,1018.9952765570747,10.500374363260834
15.951746812359316,1017.7017890082466,10.99787606489695
15.954206793332958,1012.863291422526,11.146320282196971
15.956666774306598,1012.9989895290798,10.953575332358001
15.95912675528024,1017.8901807996962,10.864087251456766
15.961586736253881,1016.7395494249132,10.414565347571857
15.964046717227523,1012.483144124349,9.80763923191347
15.966506698201165,1014.8352932400173,8.596622880684318
15.968966679174805,1015.6386142306858,8.74556941117621
15.971426660148447,1016.5254075792101,9.224666729279692
15.973886641122089,1015.1400214301216,9.645633817316092
15.97634662209573,1013.4430508083767,10.342153599215694
15.978806603069371,1021.4125061035156,9.940120975540708
15.981266584043013,1018.6197882758247,10.036931377636098
15.983726565016655,1017.1740993923611,9.200733582323345
15.986186545990297,1020.9535827636719,8.945350330207186
15.988646526963937,1027.1774495442708,8.549863828580186
15.991106507937578,1025.7727661132812,8.680916651584079
15.99356648891122,1019.8354695638021,9.26787250236753
15.996026469884862,1017.7957424587673,9.774092630363475
15.998486450858504,1028.0787421332466,10.48841120427167
16.000946431832144,1027.8177727593315,10.222162247693698
16.003406412805788,1028.192603217231,10.07512799217468
16.005866393779428,1028.159427218967,9.270739204247105
16.008326374753068,1033.252712673611,9.007763413855988
16.01078635572671,1031.3692796495225,8.793224420680286
16.01324633670035,1026.2378573947483,8.93820571356723
16.015706317673992,1030.244608561198,9.661929466535172
16.018166298647635,1036.266137017144,10.353759382351077
16.020626279621276,1029.0323079427083,11.189362669041717
16.02308626059492,1030.2893981933594,10.97917695589074
16.02554624156856,1030.5382537841797,10.396193815803413
16.0280062225422,1033.4061347113716,9.342966304424115
16.030466203515843,1033.8485649956597,8.895212117804308
16.032926184489483,1034.1939086914062,8.8948973524063
16.035386165463127,1034.1741739908855,8.996821967232497
16.037846146436767,1039.409206814236,9.637612167302876
16.040306127410407,1036.0796813964844,9.761095027726148
16.04276610838405,1036.500467936198,10.515178298246202
16.04522608935769,1037.2470330132378,10.460190679731012
16.04768607033133,1039.468977186415,10.243985483213065
16.050146051304974,1030.7823045518662,9.523857775536435
16.052606032278614,1035.128126356337,9.040577509267514
16.055066013252258,1035.785868326823,8.884023647474322
16.057525994225898,1038.9863789876301,8.863165113599873
16.059985975199538,1037.4139692518447,9.353481690554474
16.062445956173182,1038.789554172092,9.658033451518683
16.064905937146822,1041.1005181206597,10.104282003860405
16.067365918120462,1041.4554680718315,9.889370988717122
16.069825899094106,1037.0523105197483,10.13950955341995
16.072285880067746,1042.6478847927517,9.95220524474354
16.07474586104139,1037.4725782606338,9.50474703638394
16.07720584201503,1035.2848205566406,9.279682096672502
16.07966582298867,1035.0884975857205,9.004244981175498
16.082125803962313,1040.0344102647568,9.513272771942773
16.084585784935953,1040.4798550075955,9.486303289864624
16.087045765909597,1033.2814398871528,9.69582009922098
16.089505746883237,1043.101342095269,9.679624707730877
16.091965727856877,1043.0062255859375,10.007386968413796
16.09442570883052,1045.80320570204,9.996114126183322
16.09688568980416,1039.8780415852864,9.802948869430232
16.0993456707778,1037.250996907552,10.153552816733292
16.101805651751445,1046.989040798611,9.988538091630593
16.104265632725085,1046.24708726671,10.153496490884235
16.10672561369873,1042.6443786621094,9.488720023543136
16.10918559467237,1046.3906148274739,9.997184971677042
16.11164557564601,1055.877905951606,9.68791194465653
16.114105556619652,1047.072974310981,9.622807666882494
16.116565537593292,1040.3905402289497,9.741581910877743
16.119025518566936,1044.6361796061199,10.193340668167222
16.121485499540576,1055.7313334147136,10.589936831385161
16.123945480514216,1054.5880194769966,10.30423975519681
16.12640546148786,1047.3340793185764,10.712224541507553
16.1288654424615,1049.117947048611,10.00521794155026
16.13132542343514,1059.2679748535156,10.010829692456982
16.133785404408783,1061.318844265408,9.27903746877283
16.136245385382423,1055.962643093533,9.235282190564053
16.138705366356067,1054.5086127387153,9.268696129856275
16.141165347329707,1058.955830891927,9.65344727290729
16.143625328303347,1057.9459872775608,10.14565718075885
16.14608530927699,1057.210964626736,10.097134272554964
16.14854529025063,1052.8917100694443,10.145952014292142
16.151005271224275,1059.8215671115452,9.75065207318461
16.153465252197915,1050.9250861273872,9.59650006418936
16.155925233171555,1047.9871419270833,9.101584128670606
16.1583852141452,1057.571560329861,9.041312761892867
16.16084519511884,1060.527320014106,8.883930329413827
16.16330517609248,1059.308346218533,8.982064516816266
16.165765157066122,1054.33644273546,9.520468771371858
16.168225138039762,1057.334004720052,9.800300584300322
16.170685119013406,1065.9499647352432,10.451867798291168
16.173145099987046,1056.0327657063801,9.820785918888546
16.175605080960686,1059.4954867892795,10.034007728772949
16.17806506193433,1064.490949842665,9.88873478353662
16.18052504290797,1065.7367180718315,9.611550579826657
16.18298502388161,1059.3149515787761,8.805354921031066
16.185445004855254,1060.3429633246528,8.76559976712088
16.187904985828894,1067.6460503472222,9.0737767257169
16.190364966802537,1070.6065402560764,9.34340684882128
16.192824947776177,1069.6892225477432,10.185845204574031
16.195284928749818,1064.4320271809895,10.264107664146957
16.19774490972346,1072.9998575846355,10.602350812114132
16.2002048906971,1081.2143927680122,10.047731285433755
16.202664871670745,1086.9255032009548,10.029079535907242
16.205124852644385,1098.2767910427517,9.64262360102792
16.207584833618025,1104.9125671386719,9.797225072231157
16.21004481459167,1094.686794704861,9.554017011304296
16.21250479556531,1079.2853698730469,9.289358287616498
16.21496477653895,1076.271711561415,9.671316546015031
16.217424757512592,1084.6145629882812,10.068175817053305
16.219884738486233,1088.2635498046875,10.565231390731867
16.222344719459876,1082.732889811198,10.288599038021276
16.224804700433516,1082.1275939941406,10.53105384905223
16.227264681407156,1092.1068522135417,10.05268144217776
16.2297246623808,1092.7131991916233,9.896279851903657
16.23218464335444,1087.654059516059,9.282053118693865
16.234644624328084,1090.059346516927,9.328158974130295
16.237104605301724,1093.461446126302,9.541113719382233
16.239564586275364,1098.598605685764,9.602940556225203
16.242024567249008,1092.4940660264756,9.982836285120786
16.244484548222648,1089.7256300184463,9.966565068160378
16.246944529196288,1100.557637532552,10.620384980699608
16.24940451016993,1100.8822564019097,10.364187069856122
16.25186449114357,1094.1970350477432,10.332596967217555
16.254324472117215,1095.2203979492188,9.831829986609598
16.256784453090855,1099.0734320746528,9.720012793393861
16.259244434064495,1104.6238132052952,9.385567791752656
16.26170441503814,1098.0227559407551,9.125488317428617
16.26416439601178,1098.6720309787327,9.470722378033296
16.266624376985423,1107.5597296820747,9.729643727966527
16.269084357959063,1108.8119167751736,10.083987366416693
16.271544338932703,1104.3035753038193,9.870778001958262
16.274004319906346,1104.8833516438801,10.36112636964892
16.276464300879987,1118.1292114257812,10.402971342300155
16.278924281853627,1121.3482259114583,10.57298031650525
16.28138426282727,1112.42576429579,10.076145667556393
16.28384424380091,1114.8194953070747,9.6597161294152
16.286304224774554,1130.1985507541233,9.6158681788984
16.288764205748194,1133.2625732421875,9.272726206702211
16.291224186721834,1125.3150804307725,9.406756887053268
16.293684167695478,1132.6882019042969,9.676851948253825
16.296144148669118,1140.2678324381511,10.41554461665019
16.298604129642758,1144.8228352864583,10.361265439223425
16.3010641106164,1142.1631740993923,10.511864391552933
16.30352409159004,1144.6992628309463,10.498570319609717
16.305984072563685,1160.090867784288,10.933418963859513
16.308444053537325,1163.693138970269,10.614307789661702
16.310904034510965,1154.2103949652778,10.097053078631179
16.31336401548461,1152.0807596842449,9.891469520300118
16.31582399645825,1163.192355685764,9.666828477655635
16.318283977431893,1167.9447937011719,9.678819488813446
16.320743958405533,1165.744635687934,9.66539814555222
16.323203939379173,1166.381595187717,10.182029909699068
16.325663920352817,1180.1100938585068,10.634669089649297
16.328123901326457,1182.5805121527778,10.8071993809507
16.330583882300097,1171.702657063802,10.573842155717012
16.33304386327374,1177.3567877875435,11.014235457268793
16.33550384424738,1198.1386142306858,11.128215340225687
16.337963825221024,1202.4692891438801,10.817539207283925
16.340423806194664,1187.8667704264324,10.237035689598077
16.342883787168304,1194.8170030381943,10.008342097107267
16.345343768141948,1213.2810567220051,10.265514360651565
16.347803749115588,1215.7240837944878,10.013546251841296
16.35026373008923,1210.7156812879775,10.119476446591193
16.352723711062872,1218.2132873535156,10.553906765867367
16.355183692036512,1236.2072007921006,11.06586580655553
16.357643673010156,1246.0693664550781,10.922211565474665
16.360103653983796,1235.4968973795574,10.986979510610745
16.362563634957436,1242.410352918837,11.285444053139878
16.36502361593108,1259.3123135036892,11.63880600959133
16.36748359690472,1269.9405415852864,11.388115371560804
16.369943577878363,1262.302985297309,10.838579512143982
16.372403558852003,1268.902855767144,10.835140604515162
16.374863539825643,1288.2899407280815,11.050345714621047
16.377323520799287,1303.6424865722656,11.082539760242861
16.379783501772927,1303.1942070855034,10.904810681688826
16.38224348274657,1315.8324178059895,11.380548822818243
16.38470346372021,1339.6900126139324,11.651432902150727
16.38716344469385,1356.3816494411892,11.623832676018969
16.389623425667494,1354.7334120008682,11.498626345172944
16.392083406641135,1353.6654222276475,11.910436153962417
16.394543387614775,1376.5437554253472,12.448372287881487
16.39700336858842,1393.9803907606338,12.470193058127133
16.39946334956206,1377.713887532552,11.981440712528931
16.401923330535702,1375.644036187066,12.061350240140502
16.404383311509342,1390.5436469184028,12.377327196159792
16.406843292482982,1405.1024271647136,12.22141772232508
16.409303273456626,1396.5225592719185,11.734039482820057
16.411763254430266,1391.4686618381077,11.949945496413601
16.414223235403906,1400.6828308105469,11.966065713837756
16.41668321637755,1411.1202867296006,11.779335027692339
16.41914319735119,1402.2437608506943,11.260086819541245
16.421603178324833,1393.5699632432725,11.399676391362256
16.424063159298473,1405.8328077528213,11.908255640616638
16.426523140272113,1410.7312791612412,12.226939398332014
16.428983121245757,1400.486080593533,12.36939679723921
16.431443102219397,1392.7853088378906,12.56027161200216
16.43390308319304,1404.1070692274307,13.071927895698508
16.43636306416668,1422.4378017849392,12.7779720701384
16.43882304514032,1413.0617268880208,12.14446551528224
16.441283026113965,1400.772196451823,11.959984963612998
16.443743007087605,1416.7906629774307,12.199372437493757
16.446202988061245,1430.3437127007378,11.45772901630653
16.44866296903489,1418.113501654731,11.012152678957028
16.45112295000853,1400.851830376519,10.779881215749382
16.453582930982172,1402.4515787760417,11.055147052659157
16.456042911955812,1414.1497192382812,11.57332797184634
16.458502892929452,1402.0103997124565,11.769206783360387
16.460962873903096,1383.1888190375435,12.47217970973613
16.463422854876736,1381.0658162434895,13.294110766773489
16.46588283585038,1398.5084025065105,13.477354732230133
16.46834281682402,1387.6683790418838,12.528962116867804
16.47080279779766,1366.4303758409287,12.286094257462473
16.473262778771304,1371.060523139106,12.140493950706462
16.475722759744944,1380.8546820746528,11.654440536928815
16.478182740718584,1373.5749409993489,10.669191615785891
16.480642721692227,1354.7704671223958,10.313028191447545
16.483102702665867,1352.7944030761719,10.36572360881923
16.48556268363951,1367.5797051323784,10.87803277713131
16.48802266461315,1364.201392279731,11.003971434341702
16.49048264558679,1342.610846625434,11.173303001253567
16.492942626560435,1340.3993462456597,12.104087993816314
16.495402607534075,1352.8652648925781,12.741696622768874
16.49786258850772,1358.0063035753037,12.81184121165198
16.50032256948136,1325.755323621962,12.115013882933738
16.502782550455,1319.0237969292534,12.28690714389681
16.505242531428642,1338.5423312717014,12.14150619917697
16.507702512402282,1337.1436394585503,11.254282598685366
16.510162493375923,1314.0233730740017,10.297120443926696
16.512622474349566,1306.8266160753037,10.33086146799045
16.515082455323206,1320.3772413465713,10.523159615550107
16.51754243629685,1325.1108974880642,10.634915539285746
16.52000241727049,1310.0728895399307,10.527656933783286
16.52246239824413,1293.1769646538628,10.920427580449985
16.524922379217774,1303.7382473415798,11.634942433841582
16.527382360191414,1316.2860378689236,11.739912681979076
16.529842341165054,1299.4367540147568,11.664314319218597
16.532302322138698,1279.4691094292534,11.648999974588298
16.534762303112338,1293.1172620985244,12.030784180886775
16.53722228408598,1308.3562723795574,11.533502795958569
16.53968226505962,1289.8424716525608,10.895657299783945
16.54214224603326,1273.0277947319878,10.502981698177512
16.544602227006905,1284.6302422417534,10.917974877832131
16.547062207980545,1294.858659532335,10.829263643369012
16.54952218895419,1281.5299038357205,10.440990250771465
16.55198216992783,1265.8134629991318,10.52935337240659
16.55444215090147,1274.4799024793838,11.122990622795617
16.556902131875113,1291.83201429579,11.445816432185147
16.559362112848753,1284.6642320421006,10.89975612933423
16.561822093822393,1263.6642693413628,11.042857525374705
16.564282074796036,1259.4353535970051,11.112663043227366
16.566742055769677,1284.5541381835938,11.484648304662453
16.56920203674332,1284.4483337402344,11.131387092897784
16.57166201771696,1260.9876810709636,11.006582370632481
16.5741219986906,1264.7221340603298,10.761760541301628
16.576581979664244,1288.769775390625,11.134678460415099
16.579041960637884,1282.910651312934,10.709269176217768
16.581501941611528,1262.2577480740017,10.588927223662388
16.583961922585168,1261.8518744574653,11.064491095815162
16.586421903558808,1278.8088480631511,11.491297064502486
16.58888188453245,1289.9661831325955,11.151939155999932
16.59134186550609,1267.685255262587,10.663004792403614
16.59380184647973,1259.4107666015625,10.756778233934144
16.596261827453375,1276.0458882649739,10.844793180193257
16.598721808427015,1285.5921630859375,10.643892303424078
16.60118178940066,1266.886725531684,10.231869502633048
16.6036417703743,1256.7126363118489,10.568044396158365
16.60610175134794,1270.997829861111,11.064437395361347
16.608561732321583,1289.04638671875,11.32688725237105
16.611021713295223,1270.7357482910156,10.845915022015948
16.613481694268867,1254.5880703396267,10.874438314303829
16.615941675242507,1275.4841952853733,11.469559110444829
16.618401656216147,1291.365495469835,11.560972771168698
16.62086163718979,1275.391160753038,11.014687130393998
16.62332161816343,1262.6422526041667,10.938206299714297
16.62578159913707,1269.403055826823,11.391678927435278
16.628241580110714,1287.8451402452256,11.369690898243547
16.630701561084354,1281.1075642903645,10.689917676684503
16.633161542057998,1262.108150906033,10.293415729769462
16.635621523031638,1262.1316765679253,10.523535918987697
16.638081504005278,1282.3691745334202,10.732913773573452
16.64054148497892,1291.7335849338108,10.655444978630044
16.643001465952562,1268.78419664171,10.61792477648319
16.645461446926205,1261.621778700087,11.536570584294543
16.647921427899846,1286.3221774631077,12.078381466051546
16.650381408873486,1299.7220458984375,11.976664907137804
16.65284138984713,1274.3166605631511,11.283638194780407
16.65530137082077,1267.7024603949653,11.598212094066445
16.65776135179441,1293.0629102918838,11.88240849685874
16.660221332768053,1309.8717719184028,11.470627164633466
16.662681313741693,1286.6438937717014,10.500415292065195
16.665141294715337,1279.1514926486545,10.431045546451417
16.667601275688977,1298.1142951117622,10.710639674603595
16.670061256662617,1316.7643907335068,10.598736426800608
16.67252123763626,1308.2422281901042,10.254211147445803
16.6749812186099,1289.7313910590278,10.410972792608012
16.67744119958354,1304.782029893663,11.075346335299477
16.679901180557184,1329.8059997558594,11.464796596847751
16.682361161530824,1323.3404981825088,11.33437555918633
16.684821142504468,1299.6805318196614,11.317841964739909
16.687281123478108,1305.123040093316,12.079578395951577
16.68974110445175,1338.5884399414062,12.550389338004107
16.692201085425392,1333.7337680392795,12.381384455744175
16.694661066399032,1302.8841722276475,11.6495000541246
16.697121047372676,1315.307908799913,12.050006121111403
16.699581028346316,1341.501705593533,11.52645926798987
16.702041009319956,1345.4314812554253,11.143627120127604
16.7045009902936,1322.4035068088108,10.224572067921844
16.70696097126724,1315.4071960449219,10.452349317792992
16.70942095224088,1331.2037523057725,10.534160016902943
16.711880933214523,1342.58107164171,10.593858591825857
16.714340914188163,1322.6849466959636,10.273258114952936
16.716800895161807,1311.4803534613716,10.659778709697235
16.719260876135447,1329.1272718641494,11.45412955067329
16.721720857109087,1345.629638671875,11.754840962881008
16.72418083808273,1327.6316596137153,11.478481708306141
16.72664081905637,1304.7274644639756,11.442685056058144
16.729100800030015,1327.2803582085503,12.317693110048465
16.731560781003655,1348.7906561957466,12.191613438288897
16.734020761977295,1338.6590033637153,12.034164201665227
16.73648074295094,1312.4859178331162,11.514513081818377
16.73894072392458,1317.8233574761284,12.145296961318028
16.74140070489822,1350.4854431152344,11.705527225333572
16.743860685871862,1348.89552476671,11.23962155308861
16.746320666845502,1320.5250006781685,10.44072923696169
16.748780647819146,1319.4926317003037,11.073970203687775
16.751240628792786,1343.2060987684463,11.03478556444724
16.753700609766426,1352.3377787272136,11.093975134860807
16.75616059074007,1333.7759195963542,10.556344589552076
16.75862057171371,1323.341559516059,10.947482965811455
16.761080552687353,1342.8438822428386,11.571705016799049
16.763540533660994,1356.8416680230034,11.439506225183615
16.766000514634634,1339.1774054633247,11.125161679908265
16.768460495608277,1330.7077534993489,11.43637137487778
16.770920476581917,1346.5368008083767,12.299895518026732
16.773380457555557,1363.0885281032986,12.013941192590998
16.7758404385292,1347.7562696668838,11.735603646545524
16.77830041950284,1318.4767964680989,11.24965938482594
16.780760400476485,1327.0875888400608,12.130115005440397
16.783220381450125,1355.1524488661025,12.025944298951849
16.785680362423765,1357.2160746256511,12.024544102769017
16.78814034339741,1324.298583984375,11.268684836272215
16.79060032437105,1319.0092671712239,11.709621497614942
16.79306030534469,1353.2506612141926,11.610829525531944
16.795520286318332,1360.0532735188801,11.40514373806158
16.797980267291972,1334.8078172471787,10.740289717561714
16.800440248265616,1318.095475938585,11.04763135232617
16.802900229239256,1341.2411363389756,11.425644846320084
16.805360210212896,1357.509738498264,11.20491826346404
16.80782019118654,1338.30125257704,10.894651673007335
16.81028017216018,1318.2380065917969,10.905849007721557
16.812740153133824,1333.5310194227432,11.542027791854764
16.815200134107464,1355.6931016710068,11.339078865175054
16.817660115081104,1347.8492363823784,11.254761382800789
16.820120096054747,1322.5712788899739,10.748267342201284
16.822580077028388,1329.1691351996528,11.413467384690636
16.825040058002028,1353.1392211914062,11.503293840887647
16.82750003897567,1359.1707933213975,11.447952980224029
16.82996001994931,1329.515862358941,11.051153112474973
16.832420000922955,1323.7114902072483,11.89096109862446
16.834879981896595,1348.5315687391494,12.396015640490235
16.837339962870235,1365.1647338867188,12.368847851384206
16.83979994384388,1338.4795498318142,11.828373557252005
16.84225992481752,1324.1177842881943,12.252172294588078
16.844719905791163,1343.8638678656685,12.740389012784828
16.847179886764803,1367.4157172309028,12.527818009573666
16.849639867738443,1346.7952813042534,11.742314058464697
16.852099848712086,1329.0540839301216,11.745085161118764
16.854559829685726,1337.7495727539062,12.367516755856554
16.857019810659366,1371.9924689398872,12.147853966019653
16.85947979163301,1358.1413675944011,11.57620196519577
16.86193977260665,1335.2672627766926,11.041966952426963
16.864399753580294,1334.2159356011284,11.713384945879678
16.866859734553934,1367.9062398274739,11.524568553965091
16.869319715527574,1371.6609395345051,11.224628136850264
16.871779696501218,1348.6001688639324,10.499734947934968
16.874239677474858,1348.1981777615017,11.149506656350294
16.8766996584485,1378.9708455403645,11.430353335911484
16.87915963942214,1392.5395846896702,11.23253673598144
16.88161962039578,1362.3543972439236,10.622338462538984
16.884079601369425,1338.45363023546,10.834675917045288
16.886539582343065,1357.3009541829426,11.391394324696973
16.888999563316705,1385.0844014485676,11.61740451027728
16.89145954429035,1369.8324890136719,11.210171717855557
16.89391952526399,1342.6766628689236,11.570940312618976
16.896379506237633,1354.3748881022136,12.420754965351225
16.898839487211273,1389.6292385525173,12.912949961221807
16.901299468184913,1390.04148695204,12.375831694808213
16.903759449158557,1355.3551161024307,11.887122645503998
16.906219430132197,1348.6116570366753,12.482362798213302
16.908679411105837,1380.5990125868057,12.874730478741563
16.91113939207948,1395.689965142144,12.575607815315418
16.91359937305312,1362.8968200683594,11.782383050417824
16.916059354026764,1342.2506374782986,11.903566023817293
16.918519335000404,1375.8328484429253,12.233255138973542
16.920979315974044,1398.6236131456162,11.996870593203466
16.923439296947688,1375.8835822211372,11.107989198085107
16.925899277921328,1353.5171644422744,11.061494640203925
16.92835925889497,1364.1707763671875,11.250922105367861
16.93081923986861,1393.2947319878472,11.26095828633091
16.933279220842252,1389.4509718153213,10.590114389520703
16.935739201815895,1365.9314846462673,10.761265641632487
16.938199182789536,1368.8939717610676,11.028918710126437
16.940659163763176,1397.2611558702256,11.484811360310411
16.94311914473682,1403.0633205837673,11.068007476229484
16.94557912571046,1378.0218505859375,10.854493633677325
16.948039106684103,1372.9867248535156,11.298915991939412
16.950499087657743,1395.6195034450955,12.000071923615502
16.952959068631383,1417.5340711805557,11.999285135208536
16.955419049605027,1395.561550564236,11.654060813764957
16.957879030578667,1372.6246710883247,12.048101743159313
16.96033901155231,1384.9815504286025,12.743894299635556
16.96279899252595,1418.9445699055989,13.120337665697232
16.96525897349959,1413.7206217447917,12.953315079196585
16.967718954473234,1380.2708841959636,12.469339786941875
16.970178935446874,1382.7694295247395,12.824276318729599
16.972638916420514,1423.1224433051216,12.957216134058003
16.975098897394158,1435.9048394097222,12.245240072217745
16.977558878367798,1402.5682000054253,11.789768432977958
16.980018859341442,1392.3034328884548,11.653403555370392
16.982478840315082,1422.371337890625,12.17726800766194
16.984938821288722,1431.9676310221355,11.789411726901678
16.987398802262366,1406.0321892632378,11.103846340495036
16.989858783236006,1391.5703633626301,11.107784379957453
16.99231876420965,1414.5093960232205,12.126069588400455
16.99477874518329,1440.2903340657551,12.3360801863097
16.99723872615693,1430.2486538357205,11.504122696255461
16.999698707130573,1406.210717095269,11.486864917897208
17.002158688104213,1403.1753607855903,12.139142862948919
17.004618669077853,1429.4508938259548,12.91777803356508
17.007078650051497,1439.0570373535156,12.135258729026207
17.009538631025137,1409.5217827690972,11.999377927790626
17.01199861199878,1391.154517279731,12.00866963941309
17.01445859297242,1421.2501661512588,12.977079981834368
17.01691857394606,1450.6590135362412,12.424665169717805
17.019378554919705,1441.1278381347656,12.280819380527447
17.021838535893345,1444.7860209147136,12.029843067407
17.024298516866985,1603.443874782986,13.736495693925024
17.02675849784063,2015.3970336914062,15.80406779070045
17.02921847881427,2502.908189561632,18.622734663124085
17.031678459787912,2551.155510796441,18.779586355231007
17.034138440761552,2087.3201768663193,16.429955252751405
17.036598421735192,1718.022196451823,14.206906942406897
17.039058402708836,1573.5526326497395,12.821879862154
17.041518383682476,1497.0171542697483,12.367489626058337
17.04397836465612,1447.6449517144097,12.163448916122393
17.04643834562976,1456.6842041015625,12.93432583603633
17.0488983266034,1474.8038635253906,12.274021942501737
17.051358307577043,1455.9500969780815,12.021698599347776
17.053818288550683,1423.8691304524739,11.513630104713659
17.056278269524324,1430.3555297851562,12.363775528531239
17.058738250497967,1469.296627468533,12.340094090262248
17.061198231471607,1467.902096218533,12.147157248746337
17.06365821244525,1432.299343532986,11.392440650004513
17.06611819341889,1428.3763732910156,12.297019561066792
17.06857817439253,1464.7252366807725,12.69569061567837
17.071038155366175,1477.5325961642795,12.704312021051178
17.073498136339815,1452.137186686198,11.761892689064162
17.07595811731346,1427.097947862413,12.323132316738475
17.0784180982871,1448.338575575087,12.707527065573892
17.08087807926074,1477.9500054253472,13.180652179934853
17.083338060234382,1470.1094190809463,12.081164768513588
17.085798041208022,1436.0656060112847,12.201608945209667
17.088258022181662,1436.0424296061199,12.245148583480534
17.090718003155306,1470.0436909993489,12.870218586428894
17.093177984128946,1481.4485236273872,11.84820677422386
17.09563796510259,1447.9725748697917,11.778882275735018
17.09809794607623,1435.726515028212,11.530757224762095
17.10055792704987,1467.4146287706162,12.437704802964074
17.103017908023514,1490.265821668837,12.01054532811005
17.105477888997154,1471.3375515407986,11.563053914261157
17.107937869970797,1436.4058227539062,11.298267208138858
17.110397850944437,1443.8089836968315,11.865637184425095
17.112857831918078,1476.0915900336372,12.240502967519992
17.11531781289172,1475.870113796658,11.825266190032256
17.11777779386536,1443.9173550075955,11.757395109566927
17.120237774839,1435.2093098958333,12.239939918672812
17.122697755812645,1468.5204705132378,13.361877693788303
17.125157736786285,1486.1329583062065,12.63534104133863
17.12761771775993,1457.6358303493923,12.411866586854492
17.13007769873357,1439.3674180772568,12.498074246881364
17.13253767970721,1454.123772515191,13.654681033085797
17.134997660680853,1485.042432996962,13.283826166117603
17.137457641654493,1472.3831651475693,12.89882649093513
17.139917622628133,1440.7531840006511,12.534071171201894
17.142377603601776,1436.323971218533,13.631352653465694
17.144837584575416,1473.7327711317275,13.791007659411495
17.14729756554906,1484.5664774576824,13.585194014324117
17.1497575465227,1456.7485690646702,12.636475072007292
17.15221752749634,1430.1725396050347,13.304976365905187
17.154677508469984,1460.0735236273872,13.738553604271708
17.157137489443624,1486.2403191460503,13.756019328163047
17.159597470417268,1470.350847032335,12.674019064735623
17.162057451390908,1441.5312872992622,12.86982710593966
17.164517432364548,1456.835717095269,13.210237930319549
17.16697741333819,1481.8646036783855,13.336563086689617
17.16943739431183,1488.3218349880642,12.322158625367733
17.17189737528547,1455.593014187283,12.131228015979039
17.174357356259115,1441.6163431803386,12.126522463233476
17.176817337232755,1467.345930311415,12.87312604974504
17.1792773182064,1491.7698703342014,12.119912651323364
17.18173729918004,1475.0443522135417,11.799175347715504
17.18419728015368,1447.8505520290798,11.452841589736552
17.186657261127323,1460.8621893988716,12.282385266031152
17.189117242100963,1482.121120876736,12.001530431008298
17.191577223074606,1481.273654513889,11.55961867884254
17.194037204048247,1454.1065233018662,11.160404625478582
17.196497185021887,1446.353278266059,11.727010095017361
17.19895716599553,1474.727023654514,12.259451405266729
17.20141714696917,1488.1143832736545,11.854071374358737
17.20387712794281,1470.4814046223958,11.433402369222321
17.206337108916454,1444.4733140733506,11.308600017928486
17.208797089890094,1455.421875,12.202626701706896
17.211257070863738,1485.1517164442275,12.03369485598273
17.213717051837378,1476.2947896321614,11.811342055104078
17.216177032811018,1447.7622918023003,11.496585331314991
17.21863701378466,1441.8251274956597,12.377230898293558
17.2210969947583,1478.5983378092449,12.833730484772307
17.223556975731945,1497.8787638346355,12.673751395296055
17.226016956705585,1470.7306789822048,11.87458802113103
17.228476937679226,1455.4551289876301,12.366744767157392
17.23093691865287,1468.7090996636284,12.799119384473125
17.23339689962651,1499.8729349772136,13.163511559071814
17.23585688060015,1489.3700527615017,12.293874503514823
17.238316861573793,1460.269259982639,12.224462317540013
17.240776842547433,1459.8703274197048,12.352672966710927
17.243236823521077,1487.40135023329,13.142517926311527
17.245696804494717,1504.8728400336372,12.42122316174893
17.248156785468357,1478.4523145887588,12.343458956727659
17.250616766442,1455.8262736002605,12.096461945919376
17.25307674741564,1482.2289666069878,12.891859512806846
17.25553672838928,1513.9707641601562,12.455998731831206
17.257996709362924,1504.9068162706162,12.196169250632309
17.260456690336564,1471.6016981336807,11.833797559218448
17.262916671310208,1470.8827616373699,12.482723035143506
17.265376652283848,1507.7438184950088,12.599801034749722
17.267836633257488,1515.6850280761719,12.409961356131525
17.270296614231132,1492.2566630045574,11.688931098219173
17.272756595204772,1476.2627936469185,12.206923189576464
17.275216576178416,1498.7434726291233,12.368084666922288
17.277676557152056,1523.6691012912327,12.304642571537025
17.280136538125696,1509.0565185546875,11.58118500070631
17.28259651909934,1483.8375074598525,11.543920137208822
17.28505650007298,1484.5896775987412,11.937040346377037
17.28751648104662,1515.4248860677083,12.25187289948846
17.289976462020263,1527.51804945204,11.73854218187779
17.292436442993903,1501.1448364257812,11.346402047825302
17.294896423967547,1489.43019273546,11.764607755581363
17.297356404941187,1509.932590060764,12.233718189457468
17.299816385914827,1535.4456922743057,12.165049663449686
17.30227636688847,1524.8138665093315,11.573543179351969
17.30473634786211,1499.489020453559,11.67805110364913
17.307196328835754,1510.616678873698,12.384182528773515
17.309656309809395,1540.9803093804253,12.854802587840464
17.312116290783035,1549.8846571180557,12.231565989248113
17.31457627175668,1526.7048034667969,12.041610332286968
17.31703625273032,1514.4742262098525,12.24296790735348
17.31949623370396,1538.0515543619792,13.049454691067922
17.321956214677602,1559.3935445149739,12.81465763807628
17.324416195651242,1554.8098788791233,12.57775778568217
17.326876176624886,1524.819088406033,12.25810165739955
17.329336157598526,1537.2976786295574,12.649221342454323
17.331796138572166,1580.2420925564236,13.11397257339235
17.33425611954581,1589.4488016764324,12.866630590078397
17.33671610051945,1556.1916063096787,12.58709782120429
17.339176081493093,1543.5264960394966,13.01327123721261
17.341636062466733,1567.3231981065537,13.583174223273016
17.344096043440373,1605.0894571940105,13.684454594046796
17.346556024414017,1591.146748860677,13.089587172554003
17.349016005387657,1568.721727159288,13.153111923366795
17.351475986361297,1560.7865871853298,13.42073111338148
17.35393596733494,1595.8958774142795,14.05966130533691
17.35639594830858,1606.7479858398438,13.310786808608796
17.358855929282225,1570.6054144965278,12.895622207821724
17.361315910255865,1555.0420600043403,12.889953586033865
17.363775891229505,1580.2687242296006,13.587075796800566
17.36623587220315,1602.2585144042969,13.142606363825914
17.36869585317679,1597.0626288519966,12.977946907466896
17.371155834150432,1568.241926405165,12.816685570916894
17.373615815124072,1558.2745530870225,13.147779398744838
17.376075796097712,1584.6307576497395,13.222308998822912
17.378535777071356,1590.7371249728733,12.909684986445736
17.380995758044996,1568.9403381347656,12.529647270015735
17.383455739018636,1549.5101928710938,12.835629772776295
17.38591571999228,1558.9344109429253,13.431750708384257
17.38837570096592,1591.8877766927083,13.620580105726217
17.390835681939564,1585.4575975206162,12.902382138313314
17.393295662913204,1559.6507229275173,13.043372834584847
17.395755643886844,1548.8407626681858,13.307577776616375
17.398215624860487,1575.6634080674912,13.830524219428803
17.400675605834127,1587.017825656467,13.200769653787749
17.403135586807768,1565.1228535970051,13.044323605559596
17.40559556778141,1534.030988905165,12.913628248860649
17.40805554875505,1548.1121215820312,13.58754654642362
17.410515529728695,1581.9457431369358,13.725836952887027
17.412975510702335,1583.2354702419705,13.549949737394952
17.415435491675975,1556.8975830078125,13.232970164265032
17.41789547264962,1542.1939561631943,13.670232509328883
17.42035545362326,1561.8172844780815,14.103186261183131
17.422815434596902,1582.466803656684,13.741188540357486
17.425275415570542,1555.0985344780815,12.982139325697595
17.427735396544183,1527.9478861490886,13.15570457585398
17.430195377517826,1532.5687934027778,13.517106792259105
17.432655358491466,1563.0172763400608,13.691522003708181
17.435115339465106,1561.7239515516494,12.920355178698824
17.43757532043875,1530.8972507052952,12.705830066213297
17.44003530141239,1516.5067477756077,12.786516600057825
17.442495282386034,1537.4280836317275,13.272835083666202
17.444955263359674,1549.7733730740017,12.796743879915493
17.447415244333314,1539.0598856608074,12.514422889187568
17.449875225306958,1508.0638902452256,12.480243310636684
17.452335206280598,1508.1078559027778,12.736361163965531
17.45479518725424,1537.144504123264,13.231558586593273
17.45725516822788,1550.9484117296006,13.063906870739746
17.45971514920152,1517.3934190538193,12.723351393103213
17.462175130175165,1500.8743320041233,13.195674707667397
17.464635111148805,1514.647684733073,13.411456546042892
17.467095092122445,1537.8738606770833,13.479638250288014
17.46955507309609,1528.4623040093315,12.86046519081258
17.47201505406973,1500.1935662163628,12.83200083849686
17.474475035043373,1491.2649536132812,13.205264917372022
17.476935016017013,1522.6147596571182,13.896867249478818
17.479394996990653,1535.9394904242622,13.34762709798368
17.481854977964296,1511.0924614800347,12.856991889896584
17.484314958937937,1483.841081407335,13.000793041826775
17.48677493991158,1492.30665757921,13.698027439308467
17.48923492088522,1520.6368645562065,13.493026077723147
17.49169490185886,1518.0377773708767,12.72720382103906
17.494154882832504,1485.631120469835,12.440308327340452
17.496614863806144,1472.8472188313801,12.619816005448829
17.499074844779784,1496.0970221625435,13.14678684857759
17.501534825753428,1519.0753750271267,12.757502876947878
17.503994806727068,1495.3758273654514,12.239574047012423
17.50645478770071,1463.873514811198,12.144816042422903
17.50891476867435,1468.8690253363716,12.262381991542243
17.51137474964799,1500.3601650661892,12.602432192277831
17.513834730621635,1503.2685852050781,11.958922920970453
17.516294711595275,1475.8752000596787,11.951480383173795
17.518754692568915,1460.9278021918403,12.062095145569026
17.52121467354256,1480.7040371365017,12.919255086526409
17.5236746545162,1504.840379503038,12.816215813722629
17.526134635489843,1494.3093770345051,12.704958548384715
17.528594616463483,1465.6342095269097,12.322348249365792
17.531054597437123,1468.9524570041233,13.029531291235859
17.533514578410767,1495.3749864366318,13.642738803791811
17.535974559384407,1507.4571295844185,13.237803053280635
17.53843454035805,1485.3670111762153,12.913170706879512
17.54089452133169,1464.3570353190105,13.074137973400417
17.54335450230533,1475.2400817871094,13.726581409980767
17.545814483278974,1505.5157640245225,13.981933493149834
17.548274464252614,1495.1702813042534,13.296673430999592
17.550734445226254,1468.6731363932292,13.304130855634341
17.553194426199898,1460.0127665201824,13.403724433917992
17.555654407173538,1482.6930711534287,13.754080091956311
17.55811438814718,1495.2277289496528,13.466962528175577
17.560574369120822,1480.5934685601128,13.198138698688169
17.563034350094462,1449.6171162923176,12.682574858174942
17.565494331068106,1452.2580430772568,13.487673666507208
17.567954312041746,1478.6172993977864,13.660755557926137
17.57041429301539,1485.645528157552,13.377366244794121
17.57287427398903,1460.1253085666233,13.153261964879901
17.57533425496267,1443.4681667751736,13.0841952266429
17.577794235936313,1456.7576260036892,13.679642171287147
17.580254216909953,1490.854488796658,14.129311882925009
17.582714197883593,1481.8120998806423,13.767460354727826
17.585174178857237,1454.6204766167534,13.979719743116366
17.587634159830877,1447.2335781521267,14.26066423916696
17.59009414080452,1477.533738878038,14.950248356340442
17.59255412177816,1502.414503309462,14.432455827894042
17.5950141027518,1485.4263509114583,14.021273454993661
17.597474083725444,1460.7733425564236,14.002754900073496
17.599934064699085,1457.6368442111545,14.71149377453836
17.602394045672728,1482.764600965712,14.352414360973821
17.60485402664637,1495.8048739963108,13.72468947731762
17.60731400762001,1472.834469265408,13.520343261722832
17.609773988593652,1456.8055826822917,13.8260508004231
17.612233969567292,1480.262963189019,14.316953240909841
17.614693950540932,1501.7839796278213,13.957253321287277
17.617153931514576,1493.2117886013455,13.234443618065072
17.619613912488216,1468.2447441948784,12.827620287777815
17.62207389346186,1456.2258707682292,13.278343359710126
17.6245338744355,1479.7844814724392,13.356453709536389
17.62699385540914,1498.4671630859375,12.968004653332132
17.629453836382783,1477.178961859809,12.577930678765123
17.631913817356423,1458.5912780761719,12.482275014191785
17.634373798330063,1470.4560038248699,13.110916651831845
17.636833779303707,1498.3862847222222,13.046264043406744
17.639293760277347,1505.5768059624565,12.859629628581231
17.64175374125099,1482.6812811957466,12.756881731038122
17.64421372222463,1459.4664645724827,13.101631962676796
17.64667370319827,1480.9467129177517,13.675912143420012
17.649133684171915,1501.6832716200088,13.364320295814956
17.651593665145555,1495.972676595052,12.796750438051049
17.6540536461192,1474.2830132378472,12.698484529338696
17.65651362709284,1475.4418301052517,13.26010047571865
17.65897360806648,1496.2700907389324,13.599059010932
17.661433589040122,1517.060255262587,13.168078105774859
17.663893570013762,1507.3089565700955,12.879662523267054
17.666353550987402,1477.6307474772136,12.760836160940581
17.668813531961046,1479.382059733073,13.063549668318807
17.671273512934686,1506.8151482476128,13.222191005814443
17.67373349390833,1511.5416836208767,12.693463562295932
17.67619347488197,1485.5735541449653,12.28349543313212
17.67865345585561,1467.4983757866753,12.476540421045435
17.681113436829254,1486.5794440375435,12.88306485606062
17.683573417802894,1505.226067437066,12.620444547306493
17.686033398776537,1511.3694288465713,12.658526344092415
17.688493379750177,1479.6793653700088,12.384546402464373
17.690953360723817,1479.0149603949653,12.648141210169433
